City_ID,City,Lat,Lng,Max Temp,Humidity,Cloudiness,Wind Speed,Country,Date
0,port-aux-francais,-49.35,70.2167,4.53000000000003,88,90,3.25,TF,1699950823
1,college,64.8569,-147.8028,-3.6299999999999955,92,98,1.22,US,1699950824
2,inarajan village,13.2736,144.7484,29.08000000000004,89,81,9.48,GU,1699950825
3,kirensk,57.7853,108.1119,-0.01999999999998181,83,100,5.81,RU,1699950826
4,cantley,53.5,-1.05,10.430000000000007,90,86,3.2,GB,1699950827
5,ekibastuz,51.6667,75.3667,6.740000000000009,60,100,5.47,KZ,1699950828
6,adamstown,-25.066,-130.1015,22.900000000000034,87,100,7.89,PN,1699950829
7,udachny,66.4167,112.4,-8.079999999999984,92,100,1.92,RU,1699950830
8,constantia,44.1833,28.65,13.379999999999995,55,93,6.24,RO,1699950594
9,bredasdorp,-34.5322,20.0403,23.450000000000045,46,39,7.67,ZA,1699950832
10,bethel,41.3712,-73.414,4.7900000000000205,82,20,2.57,US,1699950823
11,ribeira grande,38.5167,-28.7,17.220000000000027,82,75,4.12,PT,1699950833
12,codajas,-3.8367,-62.0569,25.55000000000001,70,99,0.74,BR,1699950834
13,wailua homesteads,22.0669,-159.378,24.439999999999998,83,75,9.26,US,1699950835
14,idri,27.5,13.2667,22.27000000000004,43,0,5.22,LY,1699950836
15,puerto ayora,-0.7393,-90.3518,23.08000000000004,99,77,3.13,EC,1699950683
16,marica,-22.9194,-42.8186,25.970000000000027,88,73,1.84,BR,1699950838
17,edinburgh of the seven seas,-37.0676,-12.3116,13.430000000000007,76,14,11.99,SH,1699950839
18,balsas,-7.5325,-46.0356,24.370000000000005,56,0,0.94,BR,1699950840
19,grytviken,-54.2811,-36.5092,2.0500000000000114,97,99,2.61,GS,1699950841
20,badger,64.8,-147.5333,-3.67999999999995,95,100,1.39,US,1699950842
21,mejit,10.2753,170.8646,27.650000000000034,80,100,7.79,MH,1699950828
22,demopolis,32.5176,-87.8364,10.970000000000027,100,0,0.0,US,1699950843
23,changtu,42.7788,124.0955,-4.310000000000002,95,6,2.15,CN,1699950844
24,tres isletas,-26.3407,-60.4321,19.590000000000032,98,100,2.56,AR,1699950691
25,stanley,54.868,-1.6985,6.510000000000048,96,75,0.51,GB,1699950847
26,margaret river,-33.95,115.0667,19.57000000000005,71,86,7.33,AU,1699950848
27,port elizabeth,-33.918,25.5701,20.170000000000016,64,40,8.23,ZA,1699950849
28,sassnitz,54.5167,13.65,9.890000000000043,85,100,12.51,DE,1699950850
29,dunedin,-45.8742,170.5036,9.890000000000043,73,91,5.81,NZ,1699950612
30,west island,-12.1568,96.8225,28.99000000000001,70,13,4.63,CC,1699950851
31,sovetskaya gavan',48.9723,140.2878,-8.269999999999982,85,13,3.05,RU,1699950852
32,kone,-21.0595,164.8658,21.010000000000048,71,27,2.57,NC,1699950853
33,iskateley,67.6803,53.1512,-7.769999999999982,96,100,4.02,RU,1699950854
34,vilyuchinsk,52.9306,158.4028,-2.259999999999991,75,100,3.48,RU,1699950855
35,san patricio,28.017,-97.5169,16.970000000000027,89,99,4.43,US,1699950855
36,port alfred,-33.5906,26.891,19.54000000000002,68,58,4.02,ZA,1699950856
37,anadyr,64.75,177.4833,-15.71999999999997,71,0,9.0,RU,1699950833
38,vorgashor,67.5833,63.95,-7.769999999999982,85,100,3.64,RU,1699950854
39,san blas,21.5167,-105.2667,24.650000000000034,71,0,1.06,MX,1699950859
40,blackmans bay,-43.0167,147.3167,12.07000000000005,69,8,2.71,AU,1699950859
41,waitangi,-43.9535,-176.5597,13.230000000000018,92,42,1.79,NZ,1699950860
42,harper,4.375,-7.7169,27.930000000000007,78,2,2.47,LR,1699950861
43,jalpan,21.2333,-99.4833,16.74000000000001,99,100,1.8,MX,1699950862
44,lebu,-37.6167,-73.65,8.260000000000048,86,78,5.35,CL,1699950824
45,sao tome,0.3365,6.7273,27.53000000000003,79,17,2.24,ST,1699950864
46,mil'kovo,55.6078,37.7956,5.230000000000018,91,100,6.21,RU,1699950865
47,luderitz,-26.6481,15.1594,25.05000000000001,47,1,1.98,NA,1699950865
48,vila franca do campo,37.7167,-25.4333,20.230000000000018,99,60,2.37,PT,1699950867
49,san andres,12.5847,-81.7006,27.010000000000048,89,20,2.06,CO,1699950868
50,nova sintra,14.8667,-24.7167,23.510000000000048,72,78,7.3,CV,1699950844
51,bilibino,68.0546,166.4372,-28.24999999999997,100,99,0.62,RU,1699950852
52,kourou,5.1552,-52.6478,24.03000000000003,89,18,2.55,GF,1699950845
53,vadso,70.0744,29.7487,-0.9099999999999682,80,75,5.14,NO,1699950871
54,naze,28.3667,129.4833,16.510000000000048,61,66,3.77,JP,1699950591
55,touros,-5.1989,-35.4608,27.090000000000032,74,100,5.39,BR,1699950873
56,kamaishi,39.2667,141.8833,7.1200000000000045,68,27,2.59,JP,1699950715
57,yellowknife,62.456,-114.3525,-2.5499999999999545,97,100,5.14,CA,1699950864
58,longyearbyen,78.2186,15.6401,-12.089999999999975,67,75,3.6,SJ,1699950875
59,zakamensk,50.3741,103.2863,-4.060000000000002,81,100,0.43,RU,1699950876
60,ketchikan,55.3422,-131.6461,6.260000000000048,87,100,4.12,US,1699950877
61,nuku'alofa,-21.1333,-175.2,22.189999999999998,94,100,10.29,TO,1699950878
62,brookings,44.3114,-96.7984,11.0,50,0,9.26,US,1699950879
63,sinop,41.7711,34.8709,10.240000000000009,63,33,1.39,TR,1699950880
64,barra de santo antonio,-9.4047,-35.5072,23.600000000000023,85,70,2.75,BR,1699950882
65,carutapera,-1.195,-46.02,25.660000000000025,82,75,3.45,BR,1699950882
66,kodiak,57.79,-152.4072,4.730000000000018,65,20,5.66,US,1699950819
67,utrik,11.2278,169.8474,28.08000000000004,81,98,7.57,MH,1699950884
68,shar,49.5886,81.0453,5.660000000000025,63,95,1.85,KZ,1699950885
69,igarka,67.4667,86.5833,-21.94999999999999,93,41,1.59,RU,1699950886
70,mujiayingzi,42.1167,118.7833,-1.9699999999999704,73,10,2.62,CN,1699950886
71,najran,17.4924,44.1277,25.360000000000014,28,47,3.3,SA,1699950887
72,puerto natales,-51.7236,-72.4875,-0.7599999999999909,97,89,3.0,CL,1699950885
73,georgetown,5.4112,100.3354,31.640000000000043,74,20,4.63,MY,1699950837
74,huangnihe,43.5583,128.0239,-6.739999999999952,92,4,1.56,CN,1699950889
75,invercargill,-46.4,168.35,9.450000000000045,75,82,7.15,NZ,1699950890
76,winnemucca,40.973,-117.7357,7.900000000000034,28,5,1.45,US,1699950891
77,kerema,-7.9631,145.7785,25.670000000000016,82,33,2.49,PG,1699950892
78,punta arenas,-53.15,-70.9167,0.060000000000002274,74,20,3.6,CL,1699950893
79,roxas,11.5853,122.7511,27.860000000000014,85,100,5.02,PH,1699950894
80,olonkinbyen,70.9221,-8.7187,-1.579999999999984,76,99,3.57,SJ,1699950894
81,broken hill,-31.95,141.4333,25.100000000000023,31,83,2.01,AU,1699950895
82,karatuzskoye,53.6072,92.8667,-0.3499999999999659,82,100,5.36,RU,1699950896
83,mazagao,-0.115,-51.2894,27.03000000000003,97,100,1.87,BR,1699950898
84,nolinsk,57.5596,49.9363,5.800000000000011,78,100,5.91,RU,1699950742
85,may pen,17.9645,-77.2451,27.560000000000002,91,4,2.17,JM,1699950900
86,oum hadjer,13.2954,19.6966,35.28000000000003,27,53,5.64,TD,1699950901
87,polyarnyy,69.1989,33.4478,-8.639999999999986,97,100,2.14,RU,1699950902
88,hadibu,12.65,54.0333,28.77000000000004,74,41,5.77,YE,1699950903
89,jaen,38.0,-3.5,16.060000000000002,53,74,1.08,ES,1699950903
90,rajgarh,28.6333,75.3833,27.08000000000004,19,100,1.42,IN,1699950904
91,ribeira brava,32.65,-17.0667,20.07000000000005,76,78,1.25,PT,1699950905
92,cidade velha,14.9167,-23.6167,26.260000000000048,50,0,7.2,CV,1699950906
93,yeppoon,-23.1333,150.7333,27.879999999999995,74,0,5.95,AU,1699950907
94,burang,30.25,81.1667,2.32000000000005,41,86,3.46,CN,1699950908
95,tazovsky,67.4667,78.7,-17.060000000000002,97,65,4.47,RU,1699950742
96,i-n-salah,27.1935,2.4607,23.760000000000048,29,0,8.87,DZ,1699950909
97,san felice circeo,41.2372,13.0942,18.840000000000032,99,30,3.28,IT,1699950910
98,vylkove,45.4021,29.586,12.730000000000018,50,22,7.21,UA,1699950911
99,solaro,44.8799,9.1732,15.340000000000032,86,100,0.76,IT,1699950912
100,maintirano,-18.0667,44.0167,28.680000000000007,59,0,6.93,MG,1699950913
101,fale old settlement,-9.3852,-171.2468,28.379999999999995,75,95,1.99,TK,1699950914
102,klyuchi,52.2667,79.1667,6.32000000000005,65,92,3.99,RU,1699950914
103,ad dawadimi,24.5077,44.3924,26.640000000000043,30,100,7.09,SA,1699950915
104,virac,13.6333,124.2167,23.090000000000032,88,100,5.2,PH,1699950916
105,albany,42.6001,-73.9662,2.670000000000016,91,81,2.25,US,1699950917
106,kyzyl-suu,42.3414,78.0056,4.080000000000041,59,0,0.77,KG,1699950918
107,dudinka,69.4058,86.1778,-17.98999999999998,96,100,4.41,RU,1699950858
108,el calafate,-50.3408,-72.2768,0.410000000000025,79,49,2.88,AR,1699950919
109,kalmunai,7.4167,81.8167,27.160000000000025,84,99,6.85,LK,1699950920
110,hamilton,39.1834,-84.5333,7.740000000000009,63,0,0.0,US,1699950727
111,matadi,-5.8167,13.45,29.75,73,98,1.51,CD,1699950922
112,fort bragg,35.139,-79.006,9.520000000000039,76,0,1.54,US,1699950922
113,alice springs,-23.7,133.8833,36.75,13,75,2.57,AU,1699950630
114,geraldton,-28.7667,114.6,24.230000000000018,64,15,6.69,AU,1699950685
115,warin chamrap,15.1932,104.8628,31.900000000000034,58,40,4.63,TH,1699950925
116,nemuro,43.3236,145.575,3.490000000000009,55,14,4.88,JP,1699950926
117,fukuecho,32.6881,128.8419,13.200000000000045,62,75,2.57,JP,1699950926
118,mount isa,-20.7333,139.5,36.870000000000005,19,2,5.14,AU,1699950654
119,khandyga,62.6667,135.6,-30.47999999999999,100,23,1.4,RU,1699950929
120,ispir,40.4829,40.9956,12.29000000000002,77,100,2.48,TR,1699950930
121,papatowai,-46.5619,169.4708,7.640000000000043,81,72,7.62,NZ,1699950931
122,gadzhiyevo,69.2551,33.3362,-9.279999999999973,97,100,2.35,RU,1699950931
123,kidal,18.4411,1.4078,28.83000000000004,12,0,8.23,ML,1699950932
124,saudarkrokur,65.7461,-19.6394,-1.079999999999984,79,11,4.05,IS,1699950934
125,medina,24.4686,39.6142,28.24000000000001,24,75,1.54,SA,1699950834
126,loboc,9.6383,124.0348,28.010000000000048,83,45,2.08,PH,1699950936
127,phan rang-thap cham,11.5667,108.9833,30.05000000000001,63,93,5.7,VN,1699950936
128,kristiansund,63.1115,7.732,0.36000000000001364,69,0,2.06,NO,1699950917
129,filingue,14.3521,3.3168,30.629999999999995,10,10,5.45,NE,1699950938
130,saurimo,-9.6608,20.3916,24.689999999999998,69,96,2.39,AO,1699950939
131,heber city,40.5069,-111.4132,10.640000000000043,37,23,0.89,US,1699950939
132,saldanha,-33.0117,17.9442,32.03000000000003,42,69,3.09,ZA,1699950940
133,port mathurin,-19.6833,63.4167,25.850000000000023,75,15,3.27,MU,1699950941
134,jamestown,42.097,-79.2353,6.770000000000039,74,100,6.17,US,1699950894
135,caleta de carquin,-11.0925,-77.6267,18.970000000000027,90,99,4.19,PE,1699950943
136,qamdo,31.1667,97.2333,5.240000000000009,22,53,2.81,CN,1699950944
137,avarua,-21.2078,-159.775,21.03000000000003,78,75,1.03,CK,1699950847
138,hermanus,-34.4187,19.2345,23.57000000000005,49,37,6.21,ZA,1699950901
139,talnakh,69.4865,88.3972,-18.21999999999997,88,98,1.86,RU,1699950802
140,machico,32.7,-16.7667,20.400000000000034,84,20,3.09,PT,1699950947
141,iwaki,37.05,140.8833,11.120000000000005,68,9,0.45,JP,1699950948
142,taltal,-25.4,-70.4833,14.990000000000009,81,88,0.83,CL,1699950949
143,ozernyy,55.5802,32.4127,2.2000000000000455,95,100,4.22,RU,1699950949
144,uvalde,29.3669,-99.767,13.960000000000036,87,100,1.54,US,1699950950
145,porto novo,6.4965,2.6036,27.900000000000034,63,6,0.98,BJ,1699950951
146,atafu village,-8.5421,-172.5159,27.5,81,100,1.06,TK,1699950952
147,gunjur,13.2019,-16.7339,23.04000000000002,56,26,2.57,GM,1699950953
148,ushuaia,-54.8,-68.3,0.8100000000000023,75,20,1.03,AR,1699950953
149,hawaiian paradise park,19.5933,-154.9731,21.730000000000018,90,100,5.66,US,1699950954
150,callao,-12.0667,-77.15,20.400000000000034,82,100,3.6,PE,1699950875
151,tolanaro,-25.0319,46.9987,26.04000000000002,73,75,7.2,MG,1699950956
152,bamboo flat,11.7,92.7167,28.05000000000001,83,75,3.6,IN,1699950956
153,mogadishu,2.0371,45.3438,29.930000000000007,79,40,5.66,SO,1699950957
154,east london,-33.0153,27.9116,19.52000000000004,63,75,6.17,ZA,1699950851
155,kathmandu,27.7167,85.3167,24.120000000000005,43,20,1.79,NP,1699950229
156,anloga,5.7947,0.8973,29.260000000000048,71,3,0.52,GH,1699950960
157,nurota,40.5614,65.6886,17.920000000000016,16,100,1.47,UZ,1699950960
158,cambria,35.5641,-121.0808,16.100000000000023,92,58,2.24,US,1699950961
159,templin,53.1186,13.5022,11.57000000000005,73,100,9.78,DE,1699950962
160,dondo,-19.6094,34.7431,27.730000000000018,69,77,6.64,MZ,1699950963
161,hassi messaoud,31.6804,6.0729,17.920000000000016,48,0,1.54,DZ,1699950964
162,turuntayevo,52.2,107.6167,-0.9499999999999886,96,99,0.23,RU,1699950965
163,puerto baquerizo moreno,-0.9,-89.6,23.5,82,92,4.69,EC,1699950936
164,limoux,42.9167,2.1667,19.28000000000003,56,100,0.38,FR,1699950966
165,manokwari,-0.8667,134.0833,27.810000000000002,80,77,2.65,ID,1699950967
166,ilulissat,69.2167,-51.1,-3.9899999999999523,68,100,3.6,GL,1699950861
167,lihue,21.9789,-159.3672,24.77000000000004,79,75,9.26,US,1699950969
168,beloyarskiy,63.7119,66.6722,-5.0,95,100,4.47,RU,1699950948
169,dryden,49.7833,-92.7503,2.160000000000025,75,100,7.72,CA,1699950970
170,rosario,-32.9468,-60.6393,14.340000000000032,68,0,1.03,AR,1699950959
171,malanje,-9.5402,16.341,19.670000000000016,95,100,0.96,AO,1699950972
172,neiafu,-18.65,-173.9833,26.52000000000004,89,73,3.02,TO,1699950973
173,bontang,0.1333,117.5,28.660000000000025,73,9,2.5,ID,1699950974
174,sirte,31.2089,16.5887,23.060000000000002,63,100,4.12,LY,1699950975
175,rongelap,11.1635,166.8941,27.970000000000027,82,100,8.35,MH,1699950976
176,marshfield,44.6689,-90.1718,0.37999999999999545,74,0,0.0,US,1699950977
177,zinjibar,13.1287,45.3807,29.110000000000014,62,92,6.08,YE,1699950977
178,nueve de julio,-35.4444,-60.8831,7.760000000000048,94,0,1.74,AR,1699950978
179,tiksi,71.6872,128.8694,-13.379999999999995,94,100,1.57,RU,1699950980
180,bonthe,7.5264,-12.505,27.410000000000025,81,5,1.46,SL,1699950981
181,sungailiat,-1.85,106.1333,29.920000000000016,68,97,2.71,ID,1699950982
182,uturoa,-16.7333,-151.4333,26.689999999999998,84,99,9.05,PF,1699950983
183,beitbridge,-22.2167,30.0,20.629999999999995,70,100,10.49,ZW,1699950983
184,noumea,-22.2763,166.4572,20.99000000000001,68,20,5.81,NC,1699950984
185,robertsport,6.7533,-11.3686,26.78000000000003,83,6,2.47,LR,1699950985
186,howrah,22.5892,88.3103,30.0,51,20,3.6,IN,1699950986
187,erbil,36.1926,44.0106,23.900000000000034,35,40,3.09,IQ,1699950988
188,fort st. john,56.2499,-120.8529,-2.0600000000000023,74,20,6.69,CA,1699950988
189,yaren,-0.5472,166.916,28.660000000000025,80,100,10.02,NR,1699950989
190,haiku-pauwela,20.9219,-156.3051,23.360000000000014,85,40,4.63,US,1699950990
191,santiago del estero,-27.7951,-64.2615,20.260000000000048,60,99,2.66,AR,1699950991
192,tan-tan,28.438,-11.1032,25.970000000000027,27,0,3.09,MA,1699950992
193,khoyniki,51.8911,29.9552,5.2900000000000205,76,100,4.38,BY,1699950993
194,la ronge,55.1001,-105.2842,0.1400000000000432,80,100,0.51,CA,1699950994
195,tidjikja,18.5564,-11.4271,26.99000000000001,14,1,7.37,MR,1699950994
196,nizhniy kuranakh,58.8353,125.4869,-10.639999999999986,94,100,1.9,RU,1699950995
197,nova venecia,-18.7106,-40.4006,22.760000000000048,81,5,1.31,BR,1699950996
198,guane,22.2025,-84.0875,23.25,81,100,3.82,CU,1699950997
199,palmer,42.1584,-72.3287,1.3900000000000432,82,75,0.0,US,1699950786
200,happy valley-goose bay,53.3168,-60.3315,-8.829999999999984,86,75,3.6,CA,1699950831
201,albertina,-22.2008,-46.6158,21.340000000000032,51,5,2.53,BR,1699950999
202,espanola,35.9911,-106.0806,6.990000000000009,64,4,0.6,US,1699951000
203,kailua-kona,19.6406,-155.9956,24.980000000000018,72,20,2.06,US,1699951001
204,kochubey,44.3861,46.5825,16.480000000000018,66,70,2.41,RU,1699951002
205,rio grande,-32.035,-52.0986,18.30000000000001,96,100,2.52,BR,1699950709
206,kapa'a,22.0752,-159.319,25.180000000000007,83,75,9.26,US,1699951003
207,arraial do cabo,-22.9661,-42.0278,24.980000000000018,94,75,3.09,BR,1699950930
208,isafjordur,66.0755,-23.124,1.0200000000000387,86,0,0.0,IS,1699951005
209,howard springs,-12.497,131.047,30.460000000000036,76,47,4.46,AU,1699951005
210,santo tome,-31.6627,-60.7653,15.590000000000032,93,0,2.24,AR,1699951007
211,lagunas,-5.2269,-75.6753,23.350000000000023,96,23,0.65,PE,1699951008
212,obudu,6.6674,9.1716,29.54000000000002,67,43,0.91,NG,1699951009
213,lianhe,47.1333,129.2667,-8.819999999999993,95,24,0.83,CN,1699951010
214,gaspe,48.8334,-64.4819,-1.8799999999999955,86,100,2.06,CA,1699950823
215,thompson,55.7435,-97.8558,-2.909999999999968,100,100,2.06,CA,1699951012
216,mersing,2.4312,103.8405,30.950000000000045,70,40,4.12,MY,1699951014
217,taoudenni,22.6783,-3.9836,26.670000000000016,15,75,8.2,ML,1699951015
218,nova vicosa,-17.8919,-39.3719,24.33000000000004,82,5,5.99,BR,1699951015
219,murghob,38.1702,73.9667,-4.3799999999999955,28,0,0.53,TJ,1699951017
220,carnarvon,-24.8667,113.6333,23.08000000000004,63,3,5.53,AU,1699951018
221,jorpeland,59.0225,6.0408,5.960000000000036,45,100,2.55,NO,1699951019
222,nouadhibou,20.931,-17.0347,19.99000000000001,60,99,4.12,MR,1699951021
223,greenland,43.0362,-70.8328,2.840000000000032,86,100,0.0,US,1699951022
224,ryotsu-minato,38.0833,138.4333,10.410000000000025,60,57,4.59,JP,1699951022
225,lido di ostia,41.7321,12.2765,19.760000000000048,70,75,3.6,IT,1699951024
226,al qadarif,14.0349,35.3834,35.110000000000014,23,4,6.08,SD,1699951025
227,coquimbo,-29.9533,-71.3436,12.850000000000023,94,20,1.03,CL,1699951026
228,arteche,12.2645,125.4048,26.78000000000003,89,100,3.18,PH,1699951027
229,la leonesa,-27.0379,-58.7035,21.010000000000048,99,100,1.98,AR,1699951027
230,vernal,40.4555,-109.5287,1.4800000000000182,41,0,0.0,US,1699951028
231,astara,38.5,48.6667,25.99000000000001,43,7,2.66,AZ,1699951029
232,waddan,29.1614,16.139,21.100000000000023,62,0,3.34,LY,1699951030
233,qaqortoq,60.7167,-46.0333,-0.5799999999999841,69,100,5.0,GL,1699951031
234,cole harbour,44.6724,-63.4751,1.7100000000000364,84,19,3.6,CA,1699950845
235,nsanje,-16.92,35.262,34.31,23,3,3.93,MW,1699951032
236,iqaluit,63.7506,-68.5145,-17.149999999999977,59,0,2.06,CA,1699951033
237,port lincoln,-34.7333,135.8667,15.0,78,91,5.59,AU,1699951034
238,guerrero negro,27.9769,-114.0611,19.110000000000014,66,95,2.72,MX,1699951035
239,ujae,8.9322,165.7642,28.350000000000023,82,100,7.54,MH,1699951036
240,acapulco de juarez,16.8634,-99.8901,27.900000000000034,83,0,2.06,MX,1699951009
241,lorengau,-2.0226,147.2712,26.870000000000005,81,71,3.25,PG,1699951037
242,tura,25.5198,90.2201,26.220000000000027,61,63,1.49,IN,1699951038
243,as saffaniyah,27.9708,48.73,27.870000000000005,39,5,1.26,SA,1699951039
244,pustoshka,56.3355,29.369,2.240000000000009,97,100,2.94,RU,1699951040
245,nadym,65.5333,72.5167,-10.079999999999984,88,100,7.85,RU,1699951041
246,itoman,26.1247,127.6694,22.010000000000048,58,75,4.63,JP,1699951042
247,laascaanood,8.4774,47.3597,28.810000000000002,45,99,4.09,SO,1699951043
248,san antonio de pale,-1.4014,5.6325,26.590000000000032,80,9,4.39,GQ,1699951044
249,san pedro pochutla,15.7333,-96.4667,23.360000000000014,79,16,1.87,MX,1699951044
250,florence,43.7667,11.25,18.629999999999995,86,75,1.54,IT,1699950991
251,santa marta,11.2408,-74.199,28.83000000000004,79,75,3.58,CO,1699951046
252,petropavlovsk-kamchatsky,53.0452,158.6483,-3.079999999999984,74,0,12.52,RU,1699951047
253,kenora,49.8167,-94.4337,4.5400000000000205,60,75,7.2,CA,1699951047
254,zorritos,-3.6805,-80.6782,24.360000000000014,75,41,2.59,PE,1699951048
255,prince rupert,54.3161,-130.3201,7.830000000000041,80,100,11.32,CA,1699950797
256,cova figueira,14.8905,-24.2934,23.950000000000045,67,92,5.75,CV,1699951050
257,katagum,12.2867,10.3527,31.05000000000001,16,97,6.21,NG,1699951051
258,el ksour,35.8961,8.8849,20.680000000000007,35,1,1.97,TN,1699951051
259,talakan,50.3167,130.3667,-8.729999999999961,92,100,0.98,RU,1699951053
260,whitehorse,60.7161,-135.0538,-4.569999999999993,85,100,2.06,CA,1699951055
261,linqiong,30.4159,103.4609,9.900000000000034,80,100,0.77,CN,1699951056
262,susuman,62.7833,148.1667,-33.73999999999998,100,66,0.4,RU,1699951057
263,poronaysk,49.2167,143.1167,-7.310000000000002,80,64,3.7,RU,1699951058
264,crane,31.3974,-102.3501,10.510000000000048,91,84,1.56,US,1699951058
265,villamontes,-21.25,-63.5,19.390000000000043,91,100,1.19,BO,1699951059
266,tralee,52.2704,-9.7026,10.400000000000034,90,44,6.14,IE,1699950892
267,kuybyshev,55.4475,78.3218,3.2100000000000364,73,100,4.9,RU,1699951061
268,fresnillo,23.1667,-102.8833,11.75,95,43,2.57,MX,1699951030
269,constitucion,-35.3333,-72.4167,8.590000000000032,80,52,3.12,CL,1699951062
270,felege neway,6.3,36.8833,23.25,60,24,1.53,ET,1699951063
271,port blair,11.6667,92.75,28.02000000000004,83,75,3.6,IN,1699951064
272,vernon,50.2581,-119.2691,2.4700000000000273,72,0,1.54,CA,1699951065
273,port hedland,-20.3167,118.5667,33.03000000000003,46,21,9.26,AU,1699951065
274,korla,41.7597,86.1469,8.350000000000023,27,0,3.99,CN,1699951066
275,chonchi,-42.6128,-73.8092,2.5600000000000023,96,100,1.16,CL,1699950881
276,pangkalanbuun,-2.6833,111.6167,28.25,85,100,1.27,ID,1699951068
277,whitecourt,54.1502,-115.6855,-2.669999999999959,86,97,1.51,CA,1699951069
278,leava,-14.3,-178.1667,28.390000000000043,87,97,8.12,WF,1699951070
279,hilo,19.7297,-155.09,21.850000000000023,89,100,5.66,US,1699951071
280,codrington,-38.2667,141.9667,12.53000000000003,73,93,3.47,AU,1699951071
281,camapua,-19.5314,-54.0439,24.660000000000025,44,3,1.55,BR,1699951072
282,quatre cocos,-20.2078,57.7625,28.060000000000002,70,100,4.15,MU,1699951038
283,balkanabat,39.5108,54.3671,26.100000000000023,18,0,4.47,TM,1699951074
284,slave lake,55.2834,-114.769,-3.009999999999991,86,100,5.14,CA,1699950793
285,gubkinskiy,64.434,76.5026,-10.909999999999968,87,100,6.27,RU,1699951075
286,axim,4.8699,-2.2405,28.52000000000004,77,16,1.9,GH,1699951076
287,lompoc,34.6391,-120.4579,13.29000000000002,89,0,4.12,US,1699950893
288,itapecerica,-20.4725,-45.1256,23.400000000000034,43,6,0.9,BR,1699951078
289,an nuhud,12.7,28.4333,35.120000000000005,19,9,8.22,SD,1699951079
290,alofi,-19.0595,-169.9187,24.939999999999998,94,100,3.6,NU,1699950864
291,keskin,39.6731,33.6136,11.75,56,86,1.55,TR,1699951080
292,khorinsk,52.1657,109.7726,-6.319999999999993,88,100,0.99,RU,1699951081
293,iwanai,42.9744,140.5089,3.330000000000041,73,100,3.45,JP,1699951082
294,tsiombe,-25.3,45.4833,23.010000000000048,61,100,4.97,MG,1699951083
295,glace bay,46.1969,-59.957,2.1000000000000227,94,100,2.57,CA,1699951084
296,mbanza-ngungu,-5.25,14.8667,26.850000000000023,74,73,0.67,CD,1699951085
297,mata-utu,-13.2816,-176.1745,28.939999999999998,80,74,6.07,WF,1699951086
298,pisco,-13.7,-76.2167,17.230000000000018,88,15,0.51,PE,1699951087
299,christchurch,-43.5333,172.6333,20.110000000000014,32,68,7.72,NZ,1699950848
300,srisailain,16.0833,78.8667,25.52000000000004,65,99,3.27,IN,1699951088
301,monroeville,40.4212,-79.7881,5.970000000000027,69,0,0.45,US,1699950993
302,belyy yar,53.6039,91.3903,1.9399999999999977,80,0,3.0,RU,1699951090
303,ati,13.2154,18.3353,34.43000000000001,22,80,5.58,TD,1699951091
304,st. john's,47.5649,-52.7093,-0.01999999999998181,80,100,2.06,CA,1699951091
305,kingston,17.997,-76.7936,27.53000000000003,80,20,2.06,JM,1699950814
306,sabang,5.8933,95.3214,27.170000000000016,82,82,8.85,ID,1699951093
307,narimanov,46.6927,47.8498,10.950000000000045,55,100,3.95,RU,1699951094
308,urumqi,43.801,87.6005,5.53000000000003,53,40,1.0,CN,1699951095
309,plastun,44.7561,136.2939,-1.7399999999999523,59,0,2.61,RU,1699951095
310,horta,38.5333,-28.6333,16.80000000000001,87,75,4.12,PT,1699951096
311,morehead city,34.7229,-76.726,10.560000000000002,81,0,2.06,US,1699951097
312,nantucket,41.2835,-70.0995,3.340000000000032,93,100,1.54,US,1699950943
313,parauapebas,-6.0675,-49.9022,23.420000000000016,63,0,0.28,BR,1699950963
314,damboa,11.156,12.7576,34.01000000000005,18,28,6.09,NG,1699951100
315,lensk,60.7253,114.9278,-2.7399999999999523,95,100,3.74,RU,1699950855
316,braganca,-1.0536,-46.7656,23.410000000000025,91,100,0.79,BR,1699951102
317,remire-montjoly,4.9167,-52.2667,24.02000000000004,94,0,0.0,GF,1699951103
318,palo santo,-25.5633,-59.3378,20.49000000000001,98,100,1.76,AR,1699951104
319,keflavik,64.0049,-22.5624,8.240000000000009,57,0,10.29,IS,1699951105
320,ceeldheer,3.8488,47.1806,30.620000000000005,60,40,3.0,SO,1699951106
321,shubarshi,48.5872,57.1869,10.960000000000036,43,53,9.28,KZ,1699951106
322,saint-francois,46.4154,3.9054,13.140000000000043,95,75,1.54,FR,1699951107
323,sena madureira,-9.0656,-68.6569,22.700000000000045,98,63,1.11,BR,1699951108
324,enewetak,11.3474,162.3373,28.410000000000025,82,100,7.9,MH,1699950851
325,svetlyy,54.675,20.1347,5.2000000000000455,95,100,5.62,RU,1699951110
326,zaozersk,69.4005,32.4476,-10.109999999999957,96,98,2.0,RU,1699950947
327,butte,39.6499,-121.5677,10.010000000000048,67,0,0.0,US,1699951112
328,yangambi,0.8102,24.4336,21.860000000000014,99,100,0.91,CD,1699951113
329,gamba,-2.65,10.0,28.010000000000048,73,32,2.39,GA,1699951113
330,isola di capo rizzuto,38.96,17.0933,20.100000000000023,77,0,1.54,IT,1699951063
331,keelung,25.1283,121.7419,19.760000000000048,87,100,4.85,TW,1699951115
332,whakatane,-37.9585,176.9854,17.510000000000048,85,87,2.24,NZ,1699951116
333,tofol,5.3248,163.0078,27.140000000000043,81,100,3.18,FM,1699950951
334,port douglas,-16.4833,145.4667,23.900000000000034,68,6,4.13,AU,1699951118
335,genova,44.5,9.0667,15.010000000000048,91,100,1.38,IT,1699951119
336,ghat,24.9647,10.1728,21.77000000000004,38,0,2.73,LY,1699951120
337,tara,56.8944,74.371,4.080000000000041,78,100,6.31,RU,1699951121
338,mogocha,53.7333,119.7667,-7.649999999999977,62,9,0.77,RU,1699951121
339,mananara,-16.1667,49.7667,29.54000000000002,60,2,2.67,MG,1699951123
340,nanao,37.05,136.9667,11.29000000000002,71,36,0.83,JP,1699951124
341,gidole,5.65,37.3667,20.260000000000048,60,27,1.07,ET,1699951124
342,ifanadiana,-21.3,47.6333,31.80000000000001,38,10,3.13,MG,1699951125
343,verkhnevilyuysk,63.4453,120.3167,-11.599999999999966,97,100,2.03,RU,1699951126
344,daoukro,7.0591,-3.9631,27.879999999999995,74,48,0.39,CI,1699951127
345,laguna,38.421,-121.4238,12.580000000000041,90,0,2.57,US,1699951127
346,la passe,45.5549,-0.8967,14.129999999999995,96,100,1.33,FR,1699951128
347,lichuan,30.3,108.85,9.410000000000025,79,99,0.44,CN,1699951129
348,fonte boa,-2.4959,-66.2662,24.910000000000025,81,91,0.36,BR,1699951130
349,comodoro rivadavia,-45.8667,-67.5,4.920000000000016,42,0,9.77,AR,1699951131
350,farah,32.5,62.5,22.27000000000004,13,13,1.31,AF,1699951132
351,barcelos,41.5388,-8.6151,17.08000000000004,90,100,2.87,PT,1699951132
352,ponta delgada,37.7333,-25.6667,20.400000000000034,100,75,4.12,PT,1699951133
353,belem de sao francisco,-8.7539,-38.9658,23.75,68,0,5.31,BR,1699951134
354,aflou,34.1128,2.1023,16.980000000000018,18,0,1.6,DZ,1699951135
355,saipan,15.1355,145.701,28.390000000000043,69,20,9.26,MP,1699951136
356,buta,2.7858,24.73,23.02000000000004,95,100,1.42,CD,1699951136
357,bikenibeu village,1.3673,173.1241,27.980000000000018,94,100,7.72,KI,1699951137
358,placido de castro,-10.3353,-67.1856,23.189999999999998,97,53,1.18,BR,1699951138
359,alice town,25.7167,-79.3,25.560000000000002,73,47,5.63,BS,1699951139
360,egersund,58.4513,5.9997,5.050000000000011,63,100,3.36,NO,1699951139
361,praia da vitoria,38.7333,-27.0667,16.53000000000003,100,75,4.4,PT,1699951140
362,sitka,57.0531,-135.33,7.939999999999998,66,100,2.57,US,1699951141
363,shimokizukuri,40.8061,140.3861,7.510000000000048,68,99,4.66,JP,1699951142
364,san ignacio de velasco,-16.3667,-60.95,23.0,78,6,1.88,BO,1699951143
365,san sebastian de la gomera,28.0916,-17.1133,24.200000000000045,49,0,1.03,ES,1699951144
366,kapuskasing,49.4169,-82.4331,0.05000000000001137,93,100,1.54,CA,1699951144
367,hoi an,15.8794,108.335,23.980000000000018,87,91,5.67,VN,1699951145
368,ivdel',60.6911,60.4206,1.7700000000000387,81,100,1.79,RU,1699951146
369,zyrya,40.3661,50.2917,20.05000000000001,85,98,10.57,AZ,1699951147
370,grantsville,40.5999,-112.4644,11.57000000000005,29,66,4.46,US,1699951148
371,biala podlaska,52.0324,23.1165,7.7000000000000455,90,100,6.59,PL,1699951149
372,ancud,-41.8697,-73.8203,5.8799999999999955,71,96,2.11,CL,1699951150
373,afaahiti,-17.75,-149.2833,24.930000000000007,91,100,8.89,PF,1699951151
374,mont-dore,-22.2833,166.5833,20.99000000000001,68,33,4.81,NC,1699951151
375,gobernador virasora,-28.05,-56.0333,20.58000000000004,99,100,2.74,AR,1699951152
376,quellon,-43.1167,-73.6167,4.3700000000000045,87,100,3.17,CL,1699951153
377,hasaki,35.7333,140.8333,12.939999999999998,46,100,2.32,JP,1699951154
378,port saint john's,-31.6229,29.5448,18.560000000000002,63,99,4.29,ZA,1699950857
379,weno,7.4515,151.8468,27.970000000000027,83,75,1.54,FM,1699951155
380,sungai penuh,-2.0833,101.3833,20.5,97,100,0.37,ID,1699951156
381,ambovombe,-25.1667,46.0833,22.140000000000043,71,94,6.21,MG,1699951157
382,nogliki,51.8333,143.1667,-4.810000000000002,68,100,6.71,RU,1699951158
383,pionerskiy,54.9508,20.2275,5.080000000000041,87,100,7.84,RU,1699951159
384,karaidel',55.8337,56.9069,5.439999999999998,86,100,5.61,RU,1699951160
385,puruaran,19.1,-101.5333,18.79000000000002,85,1,1.9,MX,1699951161
386,agat village,13.3886,144.6585,29.060000000000002,86,75,7.72,GU,1699950931
387,sandnessjoen,66.0217,12.6316,-1.9399999999999977,46,0,1.54,NO,1699951163
388,rantauprapat,2.1,99.8333,29.360000000000014,74,100,0.45,ID,1699951164
389,tshabong,-26.05,22.45,32.610000000000014,19,0,6.17,BW,1699951165
390,ojuelos de jalisco,21.8667,-101.5833,12.060000000000002,87,28,4.16,MX,1699951165
391,harstad,68.799,16.5293,-2.1399999999999864,64,4,1.53,NO,1699951166
392,bahia de kino,28.8333,-111.9333,22.640000000000043,53,100,1.76,MX,1699951167
393,aasiaat,68.7098,-52.8699,-11.310000000000002,87,100,1.39,GL,1699951168
394,port augusta,-32.5,137.7667,19.160000000000025,69,67,8.93,AU,1699951169
395,gargalianoi,37.0667,21.6333,19.340000000000032,64,23,3.95,GR,1699951170
396,vegreville,53.5001,-112.0518,-1.0299999999999727,74,43,7.2,CA,1699951171
397,egilsstadir,65.2653,-14.3948,5.9500000000000455,70,75,2.57,IS,1699951172
398,sheringham,52.9408,1.2093,11.03000000000003,83,66,9.38,GB,1699951172
399,el granada,37.5027,-122.4694,14.879999999999995,82,40,4.12,US,1699951173
400,prince george,53.9166,-122.753,0.6899999999999977,96,100,5.66,CA,1699950998
401,bubaque,11.2833,-15.8333,28.25,62,9,3.3,GW,1699951175
402,tosontsengel,48.7567,98.2839,-8.519999999999982,95,100,1.68,MN,1699951175
403,berezovo,63.9381,65.0419,-4.42999999999995,96,100,3.93,RU,1699951176
404,spring creek,40.7266,-115.5859,0.7200000000000273,33,62,1.82,US,1699951177
405,grand falls-windsor,48.9332,-55.6649,-1.3899999999999864,84,8,1.76,CA,1699951110
406,napier,-39.4833,176.9167,17.930000000000007,55,15,2.24,NZ,1699951179
407,selfoss,63.9331,-20.9971,5.580000000000041,73,100,8.5,IS,1699951179
408,vila velha,-20.3297,-40.2925,24.970000000000027,83,0,6.17,BR,1699950918
409,aykhal,66.0,111.5,-9.639999999999986,95,100,2.95,RU,1699950900
410,turkmenbasy,40.0222,52.9552,21.430000000000007,37,0,7.2,TM,1699951182
411,nikolayevsk-on-amure,53.1406,140.73,-8.989999999999952,94,92,2.35,RU,1699951182
412,ataq,14.5377,46.8319,27.439999999999998,25,37,2.63,YE,1699951183
413,portland,45.5234,-122.6762,8.080000000000041,91,40,4.12,US,1699950925
414,fendou,46.65,124.8667,-4.409999999999968,91,10,3.48,CN,1699951185
415,tumaco,1.7986,-78.8156,25.82000000000005,89,92,3.19,CO,1699951186
416,show low,34.2542,-110.0298,3.160000000000025,81,0,2.57,US,1699951186
417,dadukou,26.5479,101.7054,24.670000000000016,46,40,0.94,CN,1699951187
418,cam ranh,11.9214,109.1591,26.980000000000018,89,75,3.09,VN,1699951188
419,taytay,14.5678,121.1394,31.960000000000036,70,75,4.12,PH,1699951189
420,tucurui,-3.7661,-49.6725,23.400000000000034,81,27,1.79,BR,1699951190
421,pacific grove,36.6177,-121.9166,13.260000000000048,85,0,2.57,US,1699951131
422,bel ombre,-4.6167,55.4167,30.910000000000025,66,20,5.66,SC,1699951191
423,lucea,18.451,-78.1736,26.920000000000016,82,14,4.81,JM,1699951192
424,al bawiti,28.3492,28.8659,24.840000000000032,33,0,6.51,EG,1699951193
425,san salvador,13.6894,-89.1872,22.710000000000036,100,100,1.59,SV,1699951131
426,tupaciguara,-18.5922,-48.705,23.560000000000002,43,5,0.97,BR,1699951194
427,wenchang,30.904,118.4887,10.210000000000036,47,0,1.23,CN,1699951195
428,port hueneme,34.1478,-119.1951,17.340000000000032,64,0,2.57,US,1699951196
429,malmesbury,-33.4608,18.7271,32.460000000000036,19,25,1.37,ZA,1699951196
430,saint-pierre,-21.3393,55.4781,28.82000000000005,58,20,3.6,RE,1699951197
431,san rafael,-34.6177,-68.3301,13.370000000000005,43,0,2.36,AR,1699951070
432,villa gesell,-37.2639,-56.973,11.140000000000043,68,0,4.77,AR,1699951159
433,flin flon,54.7682,-101.865,0.5800000000000409,79,100,5.17,CA,1699951200
434,konosha,60.9736,40.257,0.6800000000000068,99,100,0.49,RU,1699951201
435,malango,-2.9627,119.9001,25.420000000000016,76,61,1.46,ID,1699951201
436,cuyo,10.8525,121.0086,27.850000000000023,81,100,9.93,PH,1699951202
437,ceres,37.5949,-120.9577,10.580000000000041,87,0,0.0,US,1699951203
438,margate,51.3813,1.3862,12.710000000000036,82,82,1.79,GB,1699951204
439,plettenberg bay,-34.0527,23.3716,21.439999999999998,54,30,6.36,ZA,1699951205
440,young,-32.6833,-57.6333,14.360000000000014,92,98,3.05,UY,1699951196
441,isangel,-19.55,169.2667,22.640000000000043,69,83,8.01,VU,1699951068
442,santanyi,39.3546,3.1291,17.480000000000018,78,99,4.58,ES,1699951207
443,zhanibek,49.4167,46.85,5.8799999999999955,86,100,4.89,KZ,1699951208
444,kiruna,67.8557,20.2251,-10.489999999999952,92,100,0.0,SE,1699951209
445,puerto armuelles,8.2833,-82.8667,27.27000000000004,84,99,3.13,PA,1699951210
446,fish town,5.1964,-7.8756,26.610000000000014,81,15,1.35,LR,1699951211
447,sarankhola,22.3082,89.7897,30.129999999999995,39,98,2.21,BD,1699951211
448,hakha,22.65,93.6167,20.220000000000027,65,70,0.8,MM,1699951212
449,gillette,44.2911,-105.5022,10.510000000000048,25,0,9.77,US,1699951214
450,puerto rico,-26.796,-55.024,21.120000000000005,99,100,0.44,AR,1699951214
451,soe,-9.8607,124.284,24.74000000000001,65,59,2.28,ID,1699951215
452,polatsk,55.4859,28.7756,4.170000000000016,70,100,2.5,BY,1699951216
453,jeju city,33.5097,126.5219,12.960000000000036,47,75,3.6,KR,1699951136
454,franceville,-1.6333,13.5836,28.25,74,75,0.54,GA,1699951218
455,timmins,48.4669,-81.3331,-0.0999999999999659,86,100,3.6,CA,1699951114
456,northam,51.0333,-4.2167,14.25,95,100,8.79,GB,1699951219
457,al mindak,20.1588,41.2834,22.78000000000003,50,46,3.8,SA,1699951220
458,gumdag,39.2061,54.5906,24.05000000000001,21,0,5.14,TM,1699951221
459,mansa,29.9833,75.3833,28.140000000000043,21,14,2.12,IN,1699951222
460,arinos,-15.9169,-46.1056,24.700000000000045,35,7,0.41,BR,1699951223
461,rawson,-43.3002,-65.1023,7.75,35,59,10.4,AR,1699951223
462,agaie,9.0167,6.3167,32.77000000000004,31,62,1.65,NG,1699951224
463,okha,53.5739,142.9478,-4.5499999999999545,80,100,6.23,RU,1699951225
464,anzio,41.4853,12.6179,19.439999999999998,93,88,4.08,IT,1699951226
465,veraval,20.9,70.3667,30.910000000000025,33,0,1.79,IN,1699951227
466,la'ie,21.6477,-157.9253,25.980000000000018,78,100,5.36,US,1699951228
467,mawlamyinegyunn,16.3833,95.2667,30.350000000000023,68,89,2.81,MM,1699951229
468,palikir - national government center,6.9248,158.1611,27.410000000000025,89,100,0.0,FM,1699951230
469,aksaray,38.3726,34.0254,11.770000000000039,84,100,2.74,TR,1699951231
470,kukes,42.0769,20.4219,16.0,67,63,4.36,AL,1699951196
471,sasovo,54.3537,41.9199,5.07000000000005,88,72,8.49,RU,1699951232
472,los altos,37.3852,-122.1141,14.600000000000023,81,100,3.6,US,1699951082
473,gaalkacyo,6.7697,47.4308,31.879999999999995,47,23,5.35,SO,1699951234
474,reggane,26.7158,0.1714,24.890000000000043,24,1,7.13,DZ,1699951235
475,contamana,-7.3333,-75.0167,22.760000000000048,98,56,0.9,PE,1699951236
476,ascension,30.2169,-90.9001,15.600000000000023,97,100,4.18,US,1699951236
477,floriano,-6.7669,-43.0225,24.340000000000032,62,0,2.22,BR,1699951237
478,n'zeto,-7.2312,12.8666,27.860000000000014,77,100,1.86,AO,1699951238
479,sisimiut,66.9395,-53.6735,-10.169999999999959,77,100,3.88,GL,1699951239
480,cockburn town,21.4612,-71.1419,27.760000000000048,74,35,7.69,TC,1699951239
481,pathein,16.7833,94.7333,29.83000000000004,71,100,3.21,MM,1699951240
482,qarauyl,48.9451,79.255,4.400000000000034,58,75,1.29,KZ,1699951241
483,labytnangi,66.6572,66.4183,-11.329999999999984,95,100,1.65,RU,1699951242
484,mwene-ditu,-7.0,23.45,20.07000000000005,95,100,2.1,CD,1699951243
485,sarangani,5.4033,125.4636,28.860000000000014,70,78,1.05,PH,1699951243
486,coahuayana de hidalgo,18.7,-103.6583,25.090000000000032,81,0,1.44,MX,1699951244
487,salinas,36.6777,-121.6555,13.490000000000009,85,0,2.57,US,1699950964
488,oguta,5.7089,6.8103,30.400000000000034,71,62,0.27,NG,1699951246
489,ipaba,-19.4136,-42.4194,21.08000000000004,88,0,0.0,BR,1699951247
490,doue-la-fontaine,47.1937,-0.2749,13.57000000000005,89,100,6.37,FR,1699951247
491,hammerfest,70.6634,23.6821,1.25,60,75,1.54,NO,1699951248
492,la sarre,48.8002,-79.1996,-0.8299999999999841,95,100,2.91,CA,1699951249
493,bandon,51.7469,-8.7425,8.770000000000039,86,85,4.95,IE,1699951130
494,belo sur tsiribihina,-19.7,44.55,30.78000000000003,45,3,4.95,MG,1699951251
495,hithadhoo,-0.6,73.0833,27.54000000000002,79,38,4.05,MV,1699951251
496,yeed,4.55,43.0333,30.310000000000002,54,64,3.57,SO,1699951252
497,dauphin,51.1494,-100.0502,-5.919999999999959,93,100,0.0,CA,1699951253
498,lazaro cardenas,17.9583,-102.2,25.28000000000003,88,7,1.8,MX,1699951254
499,kutum,14.2,24.6667,29.670000000000016,25,62,6.45,SD,1699951255
500,westport,41.1415,-73.3579,6.680000000000007,80,0,0.45,US,1699951256
501,robore,-18.3333,-59.75,24.760000000000048,66,27,1.98,BO,1699951257
502,moussoro,13.6408,16.4901,32.920000000000016,15,96,9.6,TD,1699951258
503,tinajo,29.0788,-13.7081,23.49000000000001,38,0,3.6,ES,1699951258
504,bayanhongor,46.7167,100.1167,-9.109999999999957,95,100,0.58,MN,1699951259
505,acarau,-2.8856,-40.12,25.83000000000004,82,58,5.23,BR,1699951260
506,urucara,-2.5364,-57.76,24.78000000000003,63,72,0.7,BR,1699951261
507,leirvik,59.7798,5.5005,5.350000000000023,75,0,1.03,NO,1699951262
508,jindabyne,-36.4167,148.6333,11.32000000000005,71,100,0.74,AU,1699951263
509,val-d'or,48.1002,-77.7828,0.05000000000001137,100,100,3.09,CA,1699951014
510,wuchuan,21.4571,110.7659,22.02000000000004,71,100,1.82,CN,1699951265
511,kerikeri,-35.2268,173.9474,16.060000000000002,91,99,0.45,NZ,1699951266
512,minas de marcona,-15.2119,-75.1103,13.220000000000027,89,85,5.52,PE,1699951266
513,scarborough,54.2797,-0.4044,9.25,92,100,1.16,GB,1699951001
514,gizo,-8.103,156.8419,27.170000000000016,77,94,4.17,SB,1699951268
515,villa elisa,-25.3667,-57.6167,22.80000000000001,88,100,7.2,PY,1699951208
516,matoury,4.8483,-52.3317,23.980000000000018,94,0,0.0,GF,1699951270
517,rio verde de mato grosso,-18.9181,-54.8442,25.890000000000043,40,2,1.82,BR,1699951271
518,casalpusterlengo,45.1769,9.6491,11.870000000000005,93,100,1.3,IT,1699951090
519,bansko,41.8383,23.4885,15.04000000000002,50,33,1.64,BG,1699951273
520,rice lake,45.5061,-91.7382,6.8799999999999955,77,0,3.6,US,1699951274
521,ashland,40.8167,-82.2665,2.7700000000000387,86,0,2.84,US,1699950695
522,aleksandrovsk-sakhalinskiy,50.8975,142.1561,-6.349999999999966,78,100,5.45,RU,1699951277
523,turtas,58.9417,69.1325,2.6200000000000045,92,100,6.18,RU,1699951279
524,puerto colombia,10.9878,-74.9547,28.05000000000001,88,44,4.84,CO,1699951280
525,manadhoo,5.7667,73.3833,27.29000000000002,75,56,1.73,MV,1699951281
526,oliver,49.1831,-119.5524,1.8000000000000114,93,5,0.51,CA,1699951048
527,pilar,-9.5972,-35.9567,22.960000000000036,85,18,2.36,BR,1699951282
528,auki,-8.7676,160.7034,25.02000000000004,87,47,1.15,SB,1699951283
529,yinchuan,38.4681,106.2731,7.260000000000048,19,4,1.15,CN,1699951284
530,ola,59.5833,151.2833,-24.369999999999976,75,90,4.93,RU,1699951285
531,sampit,-2.5333,112.95,30.58000000000004,69,84,1.39,ID,1699951285
532,edgewater,28.9889,-80.9023,22.010000000000048,95,100,3.77,US,1699951286
533,escanaba,45.7453,-87.0646,-2.829999999999984,100,0,0.0,US,1699951287
534,cangucu,-31.395,-52.6756,16.670000000000016,99,100,0.57,BR,1699951038
535,yeosu,34.7546,127.6599,9.78000000000003,61,33,6.26,KR,1699951289
536,akureyri,65.6835,-18.0878,1.9600000000000364,87,75,2.57,IS,1699951289
537,tarawa,1.419,172.984,28.05000000000001,94,100,7.72,KI,1699951290
538,ust-nera,64.5667,143.2,-31.68999999999997,99,59,2.65,RU,1699951291
539,naantali,60.4674,22.0243,-0.5999999999999659,86,100,2.06,FI,1699951292
540,tarakan,3.3,117.6333,30.720000000000027,79,20,2.57,ID,1699951293
541,izberbash,42.5696,47.8645,15.050000000000011,70,78,3.43,RU,1699951294
542,kargopol',61.5071,38.9456,0.060000000000002274,94,100,2.63,RU,1699951065
543,aksu,41.1231,80.2644,10.610000000000014,26,0,1.44,CN,1699951160
544,rio gallegos,-51.6226,-69.2181,3.0300000000000296,60,0,6.69,AR,1699951221
545,wakema,16.6,95.1833,30.120000000000005,70,100,2.41,MM,1699951298
546,dien bien phu,21.3833,103.0167,23.77000000000004,71,98,1.14,VN,1699951299
547,ihosy,-22.4,46.1167,32.98000000000002,22,1,2.09,MG,1699951300
548,dwarka,22.2394,68.9678,30.150000000000034,30,0,4.4,IN,1699951162
549,ondjiva,-17.0667,15.7333,32.02000000000004,27,20,1.54,AO,1699951301
550,paragominas,-2.9667,-47.4833,21.340000000000032,92,0,1.51,BR,1699951302
551,santa ana,33.7456,-117.8678,18.620000000000005,54,0,0.0,US,1699951136
552,miranda,3.2499,-76.2281,21.07000000000005,88,59,1.78,CO,1699951304
553,box elder,41.5005,-112.8764,8.330000000000041,45,61,0.78,US,1699951304
554,ciudad insurgentes,25.2625,-111.7753,21.07000000000005,66,45,2.81,MX,1699951305
555,puerto lempira,15.2667,-83.7667,25.060000000000002,95,100,3.84,HN,1699951306
556,nahiyat ash shinafiyah,31.5874,44.6602,28.920000000000016,26,14,4.23,IQ,1699951307
557,tamanrasset,22.785,5.5228,19.950000000000045,24,0,6.17,DZ,1699951308
558,groningen,53.25,6.75,12.230000000000018,88,40,9.26,NL,1699951079
559,aitape,-3.1374,142.3475,26.650000000000034,85,97,0.46,PG,1699951309
560,awjilah,29.1081,21.2869,22.960000000000036,57,0,4.52,LY,1699951311
561,formosa do rio preto,-11.0483,-45.1931,22.77000000000004,42,0,0.52,BR,1699951312
562,san bernardo del viento,9.3533,-75.9524,27.390000000000043,85,100,0.85,CO,1699951313
563,tirat karmel,32.7617,34.9719,25.350000000000023,60,40,3.09,IL,1699951313
564,kingscliff,-28.2667,153.5667,23.760000000000048,83,20,4.12,AU,1699951314
565,kayangel,8.0823,134.7173,27.53000000000003,81,100,4.86,PW,1699951315
566,troy,42.6056,-83.1499,4.800000000000011,74,0,1.54,US,1699951316
567,mirny,62.5353,113.9611,-4.8700000000000045,92,100,4.02,RU,1699951316
568,saskatoon,52.1168,-106.6345,3.420000000000016,51,20,8.75,CA,1699951317
569,ploudalmezeau,48.5333,-4.65,13.29000000000002,100,100,11.32,FR,1699951318
570,oamaru,-45.0784,170.9801,10.770000000000039,83,20,10.23,NZ,1699951319
571,strezhevoy,60.7333,77.5889,-6.689999999999998,86,100,4.02,RU,1699951320
572,dahay,6.3969,124.7225,28.189999999999998,74,32,0.68,PH,1699951320
573,todos santos,23.45,-110.2167,22.390000000000043,52,30,2.49,MX,1699951283
574,saint-junien,45.8833,0.9,14.360000000000014,98,100,2.02,FR,1699951322
575,frutal,-20.0247,-48.9406,26.670000000000016,36,40,1.41,BR,1699951323
576,buulobarde,3.8538,45.5674,30.57000000000005,57,62,1.2,SO,1699951324
